product_id,product_name,product_price,product_link,image_url
34099,Lindores Casks of Lindores 2 Bourbon Cask,60,https://www.whiskyshop.com/lindores-cask-of-lindores-2-bourbon-cask,https://www.whiskyshop.com/media/catalog/product/l/i/lindores_cask_of_lindores_2_ps.jpg?width=400&height=480&store=whiskyshop&image-type=small_image
34042,Noble Rebel Smoke Symphony Blended Malt,39,https://www.whiskyshop.com/noble-rebel-smoke-symphony-blended-malt,https://www.whiskyshop.com/media/catalog/product/n/o/noble_rebel_smoke_symphony_ps.jpg?width=400&height=480&store=whiskyshop&image-type=small_image
34041,Noble Rebel Orchard Outburst Blended Malt,39,https://www.whiskyshop.com/noble-rebel-orchard-outburst-blended-malt,https://www.whiskyshop.com/media/catalog/product/n/o/noble_rebel_orchard_outburst_ps.jpg?width=400&height=480&store=whiskyshop&image-type=small_image
34040,Noble Rebel Hazelnut Harmony Blended Malt,39,https://www.whiskyshop.com/noble-rebel-hazelnut-harmony-blended-malt,https://www.whiskyshop.com/media/catalog/product/n/o/noble_rebel_hazelnut_harmony_ps.jpg?width=400&height=480&store=whiskyshop&image-type=small_image
34061,Signatory Vintage Glenlivet 2006 16 Year Old #900800,115,https://www.whiskyshop.com/signatory-vintage-glenlivet-2006-16-year-old-900800,https://www.whiskyshop.com/media/catalog/product/s/i/signatory_vintage_glenlivet_2006_16yo__900800_ps.jpg?width=400&height=480&store=whiskyshop&image-type=small_image
34020,Signatory Vintage Bowmore 25 Year Old Single Cask,699,https://www.whiskyshop.com/signatory-vintage-bowmore-25-year-old-single-cask,https://www.whiskyshop.com/media/catalog/product/s/i/signatory_bowmore_25yo_single_cask_ps.jpg?width=400&height=480&store=whiskyshop&image-type=small_image
34016,Signatory Vintage Secret Orkney 2005 17 Year Old,138,https://www.whiskyshop.com/signatory-vintage-secret-orkney-2005-17-year-old,https://www.whiskyshop.com/media/catalog/product/s/i/signatory_orkney_2005_17yo_ps.jpg?width=400&height=480&store=whiskyshop&image-type=small_image
34015,Signatory Vintage Port Dundas 1996 25 Year Old,130,https://www.whiskyshop.com/signatory-vintage-port-dundas-1996-25-year-old,https://www.whiskyshop.com/media/catalog/product/s/i/signatory_port_dundas_1996_25yo_ps.jpg?width=400&height=480&store=whiskyshop&image-type=small_image
34011,Signatory Vintage Cambus 1991 30 Year Old,159,https://www.whiskyshop.com/signatory-vintage-cambus-1991-30-year-old,
34013,Signatory Vintage Glen Keith 1993 29 Year Old,310,https://www.whiskyshop.com/signatory-vintage-glen-keith-1993-29-year-old,
34012,Signatory Vintage Caol Ila 2007 15 Year Old,140,https://www.whiskyshop.com/signatory-vintage-caol-ila-2007-15-year-old,
34010,Signatory Vintage Staoisha 2013 9 Year Old,62,https://www.whiskyshop.com/signatory-vintage-staoisha-2013-9-year-old,
34008,Signatory Vintage Secret Orkney 2009 13 Year Old,50,https://www.whiskyshop.com/signatory-vintage-secret-orkney-2009-13-year-old,
34007,Signatory Vintage Linkwood 2012 10 Year Old,62,https://www.whiskyshop.com/signatory-vintage-linkwood-2012-10-year-old,
34006,Signatory Vintage Edradour 2012 10 Year Old,62,https://www.whiskyshop.com/signatory-vintage-edradour-2012-10-year-old,
34005,Signatory Vintage Blair Athol 2011 11 Year Old,48,https://www.whiskyshop.com/signatory-vintage-blair-athol-2011-11-year-old,
34004,Signatory Vintage Ben Nevis 2014 8 Year Old,48,https://www.whiskyshop.com/signatory-vintage-ben-nevis-2014-8-year-old,
34023,Murray McDavid Caol Ila 12 Year Old,99,https://www.whiskyshop.com/murray-mcdavid-caol-ila-12-year-old-tws-exclusive,
34022,Murray McDavid Tomatin 15 Year Old,119,https://www.whiskyshop.com/murray-mcdavid-tomatin-15-year-old-tws-exclusive,
34045,Kilchoman 2015 PX Sherry Cask,110,https://www.whiskyshop.com/kilchoman-2015-px-sherry-cask-w-club-exclusive,
34044,Kilchoman Casado 2022,77,https://www.whiskyshop.com/kilchoman-cascado-2022,
34043,Kilchoman Loch Gorm 2023,78,https://www.whiskyshop.com/kilchoman-loch-gorm-2023,
34126,Fettercairn Warehouse 14,70,https://www.whiskyshop.com/fettercairn-warehouse-14-batch-1,
34092,Glenallachie 10 Year Old Spanish Oak Finish,68,https://www.whiskyshop.com/glenallachie-10-year-old-spanish-oak-finish,
34092,Glenallachie 10 Year Old Spanish Oak Finish,68,https://www.whiskyshop.com/glenallachie-10-year-old-spanish-oak-finish,https://www.whiskyshop.com/media/catalog/product/g/l/glenallachie_10yo_spanish_oak_ps.jpg?width=400&height=480&store=whiskyshop&image-type=small_image
34091,Glenallachie 8 Year Old Scottish Oak Finish,64,https://www.whiskyshop.com/glenallachie-8-year-old-scottish-oak,https://www.whiskyshop.com/media/catalog/product/g/l/glenallachie_8yo_scottish_oak_ps.jpg?width=400&height=480&store=whiskyshop&image-type=small_image
34090,Glenallachie 7 Year Old Hungarian Oak Finish,59,https://www.whiskyshop.com/glenallachie-7-year-old-hungarian-oak,https://www.whiskyshop.com/media/catalog/product/g/l/glenallachie_7yo_hungarian_oak_ps.jpg?width=400&height=480&store=whiskyshop&image-type=small_image
34089,Glenallachie 10 Year Old Cask Strength Batch 9,66,https://www.whiskyshop.com/glenallachie-10-year-old-cask-strength-batch-9,https://www.whiskyshop.com/media/catalog/product/g/l/glenallachie_10yo_cask_strength_ps.jpg?width=400&height=480&store=whiskyshop&image-type=small_image
34063,Lochlea Sowing Edition Second Crop,50,https://www.whiskyshop.com/lochlea-sowing-edition-second-crop,https://www.whiskyshop.com/media/catalog/product/l/o/lochlea_sowing_edition_second_crop_ps.jpg?width=400&height=480&store=whiskyshop&image-type=small_image
32955,Thanks For Being My Best Man 6x3cl Whisky Gift Pack,30,https://www.whiskyshop.com/thanks-for-being-my-best-man-6x3cl-whisky-gift-pack,https://www.whiskyshop.com/media/catalog/product/t/h/thanks_best_man_whisky_6x3cl_ps.jpg?width=400&height=480&store=whiskyshop&image-type=small_image
33989,Port Ellen Eidolon 40 Year Old,4500,https://www.whiskyshop.com/port-ellen-eidolon-40-year-old,https://www.whiskyshop.com/media/catalog/product/p/o/port_ellen_40yo_eidolon_ps.jpg?width=400&height=480&store=whiskyshop&image-type=small_image
33988,Springbank 31 Year Old Platinum Old & Rare,2700,https://www.whiskyshop.com/springbank-31-year-old-platinum-old-rare,https://www.whiskyshop.com/media/catalog/product/p/l/platinum_springbank_31yo_1991_ps.jpg?width=400&height=480&store=whiskyshop&image-type=small_image
33995,The Sovereign Cambus 34 Year Old,215,https://www.whiskyshop.com/the-sovereign-cambus-34-year-old,
33994,The Sovereign Cambus 39 Year Old,250,https://www.whiskyshop.com/the-sovereign-cambus-39-year-old,
33993,The Sovereign Invergordon 38 Year Old,225,https://www.whiskyshop.com/sovereign-invergordon-38-year-old,
33992,Old Malt Cask Glengoyne 14 Year Old HL19899,123,https://www.whiskyshop.com/old-malt-cask-glengoyne-14-year-old-hl19899,
33991,Old Malt Cask Mortlach 14 Year Old HL19896,123,https://www.whiskyshop.com/old-malt-cask-mortlach-14-year-old-hl19896,
33990,Old Malt Cask Glenrothes 17 Year Old HL19901,218,https://www.whiskyshop.com/old-malt-cask-glenrothes-17-year-old-hl19901,
33986,Old Malt Cask Craigellachie 14 Year Old HL19718,120,https://www.whiskyshop.com/old-malt-cask-craigellachie-14-year-old-tws-exclusive-hl19718,
33985,Old Malt Cask Strathmill 32 Year Old HL19898,299,https://www.whiskyshop.com/old-malt-cask-strathmill-32-year-old-hl19898,
33984,Tullibardine 33 Year Old Platinum Old & Rare,410,https://www.whiskyshop.com/tullibardine-33-year-old-platinum-old-rare,
33981,Highland Park 22 Year Old Platinum Old & Rare,568,https://www.whiskyshop.com/highland-park-22-year-old-platinum-old-rare,
33983,Dalmore 31 Year Old Platinum Old & Rare,847,https://www.whiskyshop.com/dalmore-31-year-old-platinum-old-rare,
33982,Glenlossie 30 Year Old Platinum Old & Rare,360,https://www.whiskyshop.com/glenlossie-30-year-old-platinum-old-rare,
33980,Glen Elgin 30 Year Old Platinum Old & Rare,458,https://www.whiskyshop.com/glen-elgin-30-year-old-platinum-old-rare,
33979,Glen Grant 28 Year Old Platinum Old & Rare,355,https://www.whiskyshop.com/glen-grant-28-year-old-platinum-old-rare,
33978,Mortlach 33 Year Old Platinum Old & Rare,1070,https://www.whiskyshop.com/mortlach-33-year-old-platinum-old-rare,
33977,Tormore 33 Year Old Platinum Old & Rare,435,https://www.whiskyshop.com/tormore-33-year-old-platinum-old-rare,
33976,Laphroaig 25 Year Old Platinum Old & Rare,699,https://www.whiskyshop.com/laphroaig-25-year-old-platinum-old-rare,https://www.whiskyshop.com/media/catalog/product/p/l/platinum_laphroaig_25yo_1997_ps.jpg?width=400&height=480&store=whiskyshop&image-type=small_image
33975,Arran 24 Year Old Platinum Old & Rare,478,https://www.whiskyshop.com/arran-24-year-old-platinum-old-rare,https://www.whiskyshop.com/media/catalog/product/p/l/platinum_arran_24yo_1998_ps.jpg?width=400&height=480&store=whiskyshop&image-type=small_image
33729,Old Pulteney 2010 #1802,130,https://www.whiskyshop.com/old-pulteney-2010-1802-w-club-exclusive,https://www.whiskyshop.com/media/catalog/product/o/l/old_pulteney_single_cask_1802_twc_exclusive_ps.jpg?width=400&height=480&store=whiskyshop&image-type=small_image
33939,Glen Scotia 21 Year Old 2023,250,https://www.whiskyshop.com/glen-scotia-21-year-old-2023,https://www.whiskyshop.com/media/catalog/product/g/l/glen_scotia_21yo_2023_ps.jpg?width=400&height=480&store=whiskyshop&image-type=small_image
33895,Linkwood 15 Year Old Distillery Labels 46%,79,https://www.whiskyshop.com/linkwood-15-year-old-distillery-labels-46,https://www.whiskyshop.com/media/catalog/product/l/i/linkwood_15yo_distillery_labels_ps.jpg?width=400&height=480&store=whiskyshop&image-type=small_image
33929,Macnair's Lum Reek 10 Year Old Cask Strength,63,https://www.whiskyshop.com/macnair-s-lum-reek-10-year-old-cask-strength,https://www.whiskyshop.com/media/catalog/product/m/a/macnairs_lum_reek_10yo_cask_strength_ps.jpg?width=400&height=480&store=whiskyshop&image-type=small_image
33894,Glenallachie 2012 9 Year Old Cuvee Wine Cask Finish,55,https://www.whiskyshop.com/glenallachie-2012-9-year-old-cuvee-wine-cask-finish,https://www.whiskyshop.com/media/catalog/product/g/l/glenallachie_cuvee_2012_9yo_ps.jpg?width=400&height=480&store=whiskyshop&image-type=small_image
33728,Balblair 2006 #73,179,https://www.whiskyshop.com/balblair-2006-73-tws-exclusive,https://www.whiskyshop.com/media/catalog/product/b/a/balblair_single_cask_73_tws_exclusive_ps.jpg?width=400&height=480&store=whiskyshop&image-type=small_image
33858,Regent Street Staoisha 2012 9 Year Old,88,https://www.whiskyshop.com/regent-street-staoisha-2012-9-year-old,
33668,The Octave Miltonduff 2011 11 Year Old,89,https://www.whiskyshop.com/the-octave-miltonduff-2011-11-year-old,
P33776,Longrow 16 Year Old Single Cask,498,https://www.whiskyshop.com/longrow-16-year-old-single-cask,
33767,Port Askaig 28 Year Old,295,https://www.whiskyshop.com/port-askaig-28-year-old,
33286,The Loch Fyne The Living Cask Batch 14,48,https://www.whiskyshop.com/the-loch-fyne-the-living-cask-batch-14,
33856,Loch Lomond 2013 9 Year Old,60,https://www.whiskyshop.com/loch-lomond-2013-9-year-old-single-cask-w-club,
33769,Johnnie Walker Black Label Icon 2.0,34.99,https://www.whiskyshop.com/johnnie-walker-black-icon-2-0,
32225,Glenkinchie Distillers Edition 2019,71,https://www.whiskyshop.com/glenkinchie-distillers-edition-2019,
33173,Compass Box Flaming Heart 2022,130,https://www.whiskyshop.com/compass-box-flaming-heart-2022,
32921,Dalmore 30 Year Old 2022,4500,https://www.whiskyshop.com/dalmore-30-year-old-2022,
P32967,Port Ellen 1978 25 Year Old 4th Annual Release,3120,https://www.whiskyshop.com/port-ellen-1978-25-year-old-4th-annual-release,
P33544,Gordon & Macphail Port Ellen 34 Year Old 1979 Rare Old,1495,https://www.whiskyshop.com/gordon-macphail-port-ellen-1979-34-year-old-rare-old,
P33760,Ardbeg 16 Year Old Rare Cask #93,1200,https://www.whiskyshop.com/ardbeg-16-year-old-rare-cask-93,
P33381,Macallan 30 Year Old Sherry Oak Blue Label,12700,https://www.whiskyshop.com/macallan-30-year-old-sherry-oak-blue-label,
33721,Old Malt Cask Glengoyne 1996 26 Year Old,272,https://www.whiskyshop.com/old-malt-cask-glengoyne-1996-25-year-old,
P33636,Bowmore 1985 Vintage Feis Ile 2012,2180,https://www.whiskyshop.com/bowmore-1985-vintage-feis-ile-2012,
33662,Johnnie Walker Blue Label Year Of the Rabbit,210,https://www.whiskyshop.com/johnnie-walker-blue-label-year-of-the-rabbit,https://www.whiskyshop.com/media/catalog/product/j/o/johnnie_walker_blue_label_year_of_the_rabbit_ps.jpg?width=400&height=480&store=whiskyshop&image-type=small_image
33659,Glen Moray Warehouse 1 2013 Amontillado Cask,75,https://www.whiskyshop.com/glen-moray-warehouse-1-2013-amontillado-cask,https://www.whiskyshop.com/media/catalog/product/g/l/glen_moray_warehouse1_2013_amontillado_ps.jpg?width=400&height=480&store=whiskyshop&image-type=small_image
33658,Glen Moray Warehouse 1 2010 Amarone Cask,79.95,https://www.whiskyshop.com/glen-moray-warehouse-1-2010-amarone-cask,https://www.whiskyshop.com/media/catalog/product/g/l/glen_moray_warehouse1_2010_amarone_finish_ps.jpg?width=400&height=480&store=whiskyshop&image-type=small_image
33657,Glen Moray Warehouse 1 2014 Oloroso Cask,76.95,https://www.whiskyshop.com/glen-moray-warehouse-1-2014-oloroso-cask,https://www.whiskyshop.com/media/catalog/product/g/l/glen_moray_warehouse1_2014_oloroso_ps.jpg?width=400&height=480&store=whiskyshop&image-type=small_image
33630,First Editions Blair Athol 2009 13 Year Old,90,https://www.whiskyshop.com/first-editions-blair-athol-2009-13-year-old,https://www.whiskyshop.com/media/catalog/product/f/i/first_editions_blair_athol_2009_13yo_ps.jpg?width=400&height=480&store=whiskyshop&image-type=small_image
33629,Old Malt Cask Talisker 2011 11 Year Old,165,https://www.whiskyshop.com/old-malt-cask-talisker-2011-11-year-old,https://www.whiskyshop.com/media/catalog/product/o/l/old_malt_cask_talisker_2011_11yo_ps.jpg?width=400&height=480&store=whiskyshop&image-type=small_image
33707,Caol Ila Distillers Edition Double Matured,72,https://www.whiskyshop.com/caol-ila-distillers-edition-double-matured,https://www.whiskyshop.com/media/catalog/product/c/a/caol_ila_distillers_edition_2022_ps.jpg?width=400&height=480&store=whiskyshop&image-type=small_image
33624,The Loch Fyne Teaninich 8 Year Old 2022,69,https://www.whiskyshop.com/the-loch-fyne-teaninich-8-year-old-2022,https://www.whiskyshop.com/media/catalog/product/l/o/loch_fyne_teaninich_8yo_ps.jpg?width=400&height=480&store=whiskyshop&image-type=small_image
33623,The Loch Fyne Linkwood 8 Year Old 2022,69,https://www.whiskyshop.com/the-loch-fyne-linkwood-8-year-old-2022,
33621,The Loch Fyne Glen Elgin 14 Year Old 2022,79,https://www.whiskyshop.com/the-loch-fyne-glen-elgin-14-year-old-2022,
33619,The Loch Fyne Auchroisk 9 Year Old 2022,69,https://www.whiskyshop.com/the-loch-fyne-auchroisk-9-year-old-2022,
33590,White Heather 21 Year Old,120,https://www.whiskyshop.com/white-heather-21-year-old,
P32753,Macallan 1999 Easter Elchies 2012 13 Year Old,9280,https://www.whiskyshop.com/macallan-1999-easter-elchies-2012-13-year-old,
30552,Jura 1990,695,https://www.whiskyshop.com/jura-1990,
33196,Black Bottle Alchemy Series Smoke & Dagger,28,https://www.whiskyshop.com/black-bottle-alchemy-series-smoke-dagger,
33195,Black Bottle Alchemy Series Andean Oak,28,https://www.whiskyshop.com/black-bottle-alchemy-series-andean-oak,
33294,Duncan Taylor Ardmore 2009 13 Year Old,90,https://www.whiskyshop.com/duncan-taylor-ardmore-2009-13-year-old,
33292,Duncan Taylor Glentauchers 2009 13 Year Old,100,https://www.whiskyshop.com/duncan-taylor-glentauchers-2009-13-year-old,
33291,Duncan Taylor Bunnahabhain 2008 13 Year Old,100,https://www.whiskyshop.com/duncan-taylor-bunnahabhain-2008-13-year-old,
33354,Dalmore 18 Year Old 2022,295,https://www.whiskyshop.com/dalmore-18-year-old-2022,
33341,Port Askaig 8 Year Old Gift Pack,49.95,https://www.whiskyshop.com/port-askaig-8-year-old-gift-pack,
33602,Old Malt Cask Glen Moray 2007 15 Year Old,110,https://www.whiskyshop.com/old-malt-cask-glen-moray-2007-15-year-old,
33601,Old Malt Cask Tamdhu 2007 15 Year Old,129,https://www.whiskyshop.com/old-malt-cask-tamdhu-2007-15-year-old,
33600,Old Malt Cask Jura 2007 14 Year Old,110,https://www.whiskyshop.com/old-malt-cask-jura-2007-14-year-old,
33577,Benromach #333,88,https://www.whiskyshop.com/benromach-single-cask-w-club-exclusive-333,https://www.whiskyshop.com/media/catalog/product/b/e/benromach_single_cask_wclub_ps.jpg?width=400&height=480&store=whiskyshop&image-type=small_image
33462,Johnnie Walker 70cl Red Label with 20cl Black Label Gift Pack,25,https://www.whiskyshop.com/johnnie-walker-70cl-red-label-with-20cl-black-label-gift-pack,https://www.whiskyshop.com/media/catalog/product/j/o/johnnie_walker_red_gift_set_70cl_with_20clblacklabel_ps2.jpg?width=400&height=480&store=whiskyshop&image-type=small_image
32557,Tamdhu Miniature Pack 3x5cl,27,https://www.whiskyshop.com/tamdhu-miniature-pack-3x5cl,https://www.whiskyshop.com/media/catalog/product/t/a/tamdhu_3x5cl_miniature_pack_ps1.jpg?width=400&height=480&store=whiskyshop&image-type=small_image
22462,Jack Daniels Master Distiller Series 1 Litre,48,https://www.whiskyshop.com/jack-daniels-master-distiller-series-1-litre,https://www.whiskyshop.com/media/catalog/product/j/a/jack_daniel_s_master_distiller_no.1_1litre_ps.jpg?width=400&height=480&store=whiskyshop&image-type=small_image
33522,Octave Iconic Speyside 2010 11 Year Old #2934518,95,https://www.whiskyshop.com/octave-iconic-speyside-2010-11-year-old-2934518,https://www.whiskyshop.com/media/catalog/product/o/c/octave_iconic_speyside_11yo_ps.jpg?width=400&height=480&store=whiskyshop&image-type=small_image
P33164,Springbank 1965 Local Barley 36 Year Old #7,11500,https://www.whiskyshop.com/springbank-1965-local-barley-36-year-old-7,https://www.whiskyshop.com/media/catalog/product/s/p/springbank_local_barley_1965_36yo_p33164_ps.jpg?width=400&height=480&store=whiskyshop&image-type=small_image
P33034,Springbank 1964 Adelphi 32 Year Old,7920,https://www.whiskyshop.com/springbank-1964-adelphi-32-year-old,https://www.whiskyshop.com/media/catalog/product/a/d/adelphi_springbank_32yo_ps1.jpg?width=400&height=480&store=whiskyshop&image-type=small_image
P32882,Ardbeg 24 Year Old 1965 Cadenhead's Sestante Italy,6280,https://www.whiskyshop.com/ardbeg-24-year-old-1965-cadenhead-s-sestante-italy,https://www.whiskyshop.com/media/catalog/product/a/r/ardbeg_24yo_cadenhead_sestante_32882_ps.jpg?width=400&height=480&store=whiskyshop&image-type=small_image
33554,Lochlea Fallow Edition,48,https://www.whiskyshop.com/lochlea-fallow-edition,
33568,Benriach The Sixteen,77,https://www.whiskyshop.com/benriach-the-sixteen,
33486,Benromach Triple Distilled ,52,https://www.whiskyshop.com/benromach-triple-distilled,
33422,Private Collection Convalmore 1975 #2564,3750,https://www.whiskyshop.com/private-collection-convalmore-1975-2564,
33423,Private Collection Lochside 1981 #802,3199.99,https://www.whiskyshop.com/private-collection-lochside-1981-802,
33383,Bunnahabhain 12 Year Old Cask Strength 2022,76,https://www.whiskyshop.com/bunnahabhain-12-year-old-cask-strength-2022,
33257,Johnnie Walker Ghost & Rare Port Dundas,265,https://www.whiskyshop.com/johnnie-walker-ghost-rare-port-dundas,
33347,Cardhu 16 Year Old Special Release 2022,160,https://www.whiskyshop.com/cardhu-16-year-old-special-release-2022,
33305,Blended Grain #1 45 Year Old Batch 3 That Boutique-y Whisky Company,189.95,https://www.whiskyshop.com/blended-grain-1-45-year-old-batch-3-that-boutique-y-whisky-company,
33304,Ben Nevis 25 Year Old Batch 16 That Boutique-y Whisky Company,259.95,https://www.whiskyshop.com/ben-nevis-25-year-old-batch-16-that-boutique-y-whisky-company,
33303,Aberlour 31 Year Old Batch 10 That Boutique-y Whisky Company,379.95,https://www.whiskyshop.com/aberlour-31-year-old-batch-10-that-boutique-y-whisky-company,
33406,Compass Box Ultramarine Limited Edition,299,https://www.whiskyshop.com/compass-box-ultramarine-limited-edition,
33401,Ben Nevis 1991 Platinum Old and Rare,1200,https://www.whiskyshop.com/ben-nevis-1991-platinum-old-and-rare,
33447,Port Charlotte SC:01 2012,98,https://www.whiskyshop.com/port-charlotte-sc-01-2012,
33330,Loch Lomond 24 Year Old Lee Westwood Single Cask ,385,https://www.whiskyshop.com/loch-lomond-24-year-old-lee-westwood-single-cask,
33408,Murray McDavid Mannochmore 2008 13 Year Old,95,https://www.whiskyshop.com/murray-mcdavid-mannochmore-2008-13-year-old,
33407,Murray McDavid Ardmore 2011 11 Year Old,85,https://www.whiskyshop.com/murray-mcdavid-ardmore-2011-11-year-old,https://www.whiskyshop.com/media/catalog/product/m/u/murray_mcdavid_ardmore_2011_11yo_ps.jpg?width=400&height=480&store=whiskyshop&image-type=small_image
33409,First Edition Tamdhu 2007 15 Year Old Sherry ,155,https://www.whiskyshop.com/first-edition-tamdhu-2007-15-year-old-sherry,https://www.whiskyshop.com/media/catalog/product/f/i/first_edition_tamdhu_2007_15yo_ps.jpg?width=400&height=480&store=whiskyshop&image-type=small_image
33415,Glen Scotia 12 Year Old Seasonal Release 2022,79,https://www.whiskyshop.com/glen-scotia-12-year-old-seasonal-release-2022,https://www.whiskyshop.com/media/catalog/product/g/l/glen_scotia_seasonal_12yo_2022_ps.jpg?width=400&height=480&store=whiskyshop&image-type=small_image
P33066,Springbank 32 Year Old,5700,https://www.whiskyshop.com/springbank-32-year-old,https://www.whiskyshop.com/media/catalog/product/s/p/springbank_32yo_ps.jpg?width=400&height=480&store=whiskyshop&image-type=small_image
32904,Macallan M Copper 2022,6250,https://www.whiskyshop.com/macallan-m-copper-2022,https://www.whiskyshop.com/media/catalog/product/m/a/macallan_m_copper_2022_ps.jpg?width=400&height=480&store=whiskyshop&image-type=small_image
32903,Macallan M 2022,5000,https://www.whiskyshop.com/macallan-m-2022,https://www.whiskyshop.com/media/catalog/product/m/a/macallan_m_2022_ps.jpg?width=400&height=480&store=whiskyshop&image-type=small_image
33325,The Loch Fyne Inchgower 14 Year Old,95,https://www.whiskyshop.com/loch-fyne-inchgower-14-year-old,https://www.whiskyshop.com/media/catalog/product/l/o/loch_fyne_inchgower_14yo_ss.jpg?width=400&height=480&store=whiskyshop&image-type=small_image
P32960,Ardbeg 15 Year Old Rare Cask #9099 Feis Ile 2022,1495,https://www.whiskyshop.com/ardbeg-15-year-old-rare-cask-9099-feis-ile-2022,https://www.whiskyshop.com/media/catalog/product/a/r/ardbeg_15yo_rare_cask_9099_feis_ile_2022_ps1.jpg?width=400&height=480&store=whiskyshop&image-type=small_image
33288,Benriach 24 Year Old 1997 Cask 7776 Batch 18,350,https://www.whiskyshop.com/benriach-24-year-old-1997-cask-7776-batch-18,
33287,Benriach 27 Year Old 1994 Cask 2059 Batch 18,531,https://www.whiskyshop.com/benriach-27yo-1994-cask-2059-batch-18,
33365,Old Pulteney Coastal Series Pineau Des Charentes,74,https://www.whiskyshop.com/old-pulteney-coastal-series-pineau-des-charentes,
33356,Dalmore Vintage 2007,150,https://www.whiskyshop.com/dalmore-2007-vintage,
33355,Dalmore Vintage 2003,350,https://www.whiskyshop.com/dalmore-vintage-2003,
33193,Ledaig 9 Year Old Red Wine Finish,95,https://www.whiskyshop.com/ledaig-9-year-old-red-wine-finish,
33194,Tobermory 21 Year Old,175,https://www.whiskyshop.com/tobermory-21-year-old,
33344,Oban 10 Year Old Special Release 2022,105,https://www.whiskyshop.com/oban-10-year-old-special-release-2022,
33192,Deanston 2000 Organic Cask Strength,180,https://www.whiskyshop.com/deanston-2000-organic,
P33576,Springbank 35 Year Old Millennium Limited Edition,7880,https://www.whiskyshop.com/springbank-35-year-old-millennium-limited-edition,
P32213,Macallan 2003 Exceptional Cask #9064-03 2018 Release,5400,https://www.whiskyshop.com/macallan-2003-exceptional-cask-9064-03-2018-release,
P33216,Macallan 2002 Exceptional Cask #2340-04 2018 Release,6500,https://www.whiskyshop.com/macallan-2002-exceptional-cask-2340-04-2018-release,
P32959,Macallan 1997 Exceptional Single Cask #14813-12 2018 release,7140,https://www.whiskyshop.com/macallan-1997-exceptional-single-cask-14813-12-2018-release,
33142,Compass Box Blenders Pack 3x5cl,24,https://www.whiskyshop.com/compass-box-blenders-pack-3x5cl,
33016,Glenmorangie X,31,https://www.whiskyshop.com/glenmorangie-x,
33224,Seaweed & AEONS & Digging & Fire 10yo Cask Strength,79.99,https://www.whiskyshop.com/seaweed-aeons-digging-fire-10yo-cask-strength,
33225,Seaweed & AEONS & Digging & Fire & Sherry Cask & Cask Strength 10yo,99.99,https://www.whiskyshop.com/seaweed-aeons-digging-fire-sherry-cask-cask-strength-10yo,https://www.whiskyshop.com/media/catalog/product/s/e/seaweed_sherry_cask_strength_ss.jpg?width=400&height=480&store=whiskyshop&image-type=small_image
32461,Darkness Glenrothes 20 Year Old,165,https://www.whiskyshop.com/darkness-glenrothes-20-year-old-w-club-exclusive,https://www.whiskyshop.com/media/catalog/product/d/a/darkness_glenrothes_20yo_wclub_ps.jpg?width=400&height=480&store=whiskyshop&image-type=small_image
32944,The Scotch Whisky Advent Calendar (2022),149.95,https://www.whiskyshop.com/the-scotch-whisky-advent-calendar-2022,https://www.whiskyshop.com/media/catalog/product/d/r/drinksbythedram_adventcalendar_2022_scotchwhisky_ps.jpg?width=400&height=480&store=whiskyshop&image-type=small_image
33137,Mossburn Miltonduff 2008 13 Year Old,102,https://www.whiskyshop.com/mossburn-miltonduff-2008-13-year-old-tws-exclusive,https://www.whiskyshop.com/media/catalog/product/m/o/mossburn_miltonduff_2008_13yo_tws_exclusive_ps.jpg?width=400&height=480&store=whiskyshop&image-type=small_image
33136,Mossburn Aultmore 2009 12 Year Old,112,https://www.whiskyshop.com/mossburn-aultmore-2009-12-year-old-tws-exclusive,https://www.whiskyshop.com/media/catalog/product/m/o/mossburn_aultmore_cask_strength_2009_12yo_tws_exclusive_ps.jpg?width=400&height=480&store=whiskyshop&image-type=small_image
33135,Mossburn Benriach 2010 11 Year Old,96,https://www.whiskyshop.com/mossburn-benriach-2010-11-year-old-tws-exclusive,https://www.whiskyshop.com/media/catalog/product/m/o/mossburn_benriach_2010_11yo_tws_exclusive_ps.jpg?width=400&height=480&store=whiskyshop&image-type=small_image
33134,Mossburn Royal Brackla 2008 14 Year Old,110,https://www.whiskyshop.com/mossburn-royal-brackla-2008-14-year-old-tws-exclusive,https://www.whiskyshop.com/media/catalog/product/m/o/mossburn_royal_brackla_2008_14yo_tws_exclusive_ps.jpg?width=400&height=480&store=whiskyshop&image-type=small_image
33141,Compass Box Glasgow Blend,38,https://www.whiskyshop.com/compass-box-glasgow-blend,https://www.whiskyshop.com/media/catalog/product/c/o/compass_box_glasgow_blend_ss.jpg?width=400&height=480&store=whiskyshop&image-type=small_image
33140,Compass Box Artist Blend,39,https://www.whiskyshop.com/compass-box-artist-blend,
33174,Elements of Islay Cask Edit,44.95,https://www.whiskyshop.com/elements-of-islay-cask-edit,
33175,Elements of Islay Bourbon Cask,59.95,https://www.whiskyshop.com/elements-of-islay-bourbon-cask,
33176,Elements of Islay Sherry Cask,64.95,https://www.whiskyshop.com/elements-of-islay-sherry-cask,
33144,Balvenie The Week of Peat 17 Year Old,116,https://www.whiskyshop.com/balvenie-week-of-peat-17-year-old,
32765,Dalmore 25 Year Old 2022,1200,https://www.whiskyshop.com/dalmore-25-year-old-2022,
33159,Highland Park Cask Strength No.3,59,https://www.whiskyshop.com/highland-park-cask-strength-no-3,
33084,Fettercairn Warehouse 2 Batch 4,56,https://www.whiskyshop.com/fettercairn-warehouse-2-batch-4,
33013,Ardbeg Monsters of Smoke Pack 3x20cl,39,https://www.whiskyshop.com/ardbeg-monsters-of-smoke-pack-3x20cl,
33050,Signatory Vintage Mosstowie 1973 45 Year Old,1450,https://www.whiskyshop.com/signatory-vintage-mosstowie-1973-45-year-old,
33042,Signatory Vintage Glenlivet 2006 16 Year Old #900802,115,https://www.whiskyshop.com/signatory-vintage-glenlivet-2006-15-year-old,
33044,Signatory Vintage Auchentoshan 1999 22 Year Old Sherry Finish,325,https://www.whiskyshop.com/signatory-vintage-auchentoshan-1999-22-year-old-sherry-finish,
33003,Dewar's 15 Year Old,45,https://www.whiskyshop.com/dewar-s-15-year-old,
32998,Dewar's Signature 25 Year Old,190,https://www.whiskyshop.com/dewar-s-signature-25-year-old,
32982,Deanston 2007 Calvados Cask,89,https://www.whiskyshop.com/deanston-2007-calvados-cask,
33002,Dewar's 8 Year Old Rum Cask Finish,25,https://www.whiskyshop.com/dewar-s-8-year-old-rum-cask-finish,
33000,Dewar's 8 Year Old Mezcal Cask Finish,25,https://www.whiskyshop.com/dewar-s-8-year-old-mezcal-cask-finish,https://www.whiskyshop.com/media/catalog/product/d/e/dewars_8yo_mezcal_cask_ps.jpg?width=400&height=480&store=whiskyshop&image-type=small_image
33006,Royal Brackla 18 Year Old ,130,https://www.whiskyshop.com/royal-brackla-18-year-old,https://www.whiskyshop.com/media/catalog/product/r/o/royal_brackla_18yo_ps.jpg?width=400&height=480&store=whiskyshop&image-type=small_image
32976,Waterford The Cuvee,68,https://www.whiskyshop.com/waterford-the-cuvee,https://www.whiskyshop.com/media/catalog/product/w/a/waterford_cuvee_ps.jpg?width=400&height=480&store=whiskyshop&image-type=small_image
32911,The Octave Glen Elgin 2010 12 Year Old #8433938,110,https://www.whiskyshop.com/the-octave-glen-elgin-2010-12-year-old-8433938-tws-exclusive,https://www.whiskyshop.com/media/catalog/product/o/c/octave_glen_elgin_2010_8433938_ps.jpg?width=400&height=480&store=whiskyshop&image-type=small_image
32908,The Octave Culdrain 2011 11 Year Old #9634315,99,https://www.whiskyshop.com/the-octave-culdrain-2011-11-year-old-9634315-tws-exclusive,https://www.whiskyshop.com/media/catalog/product/o/c/octave_culdrain_2011_9634315_ps.jpg?width=400&height=480&store=whiskyshop&image-type=small_image
32981,Deanston 2008 PX Cask Finish,84,https://www.whiskyshop.com/deanston-2008-px-cask-finish,https://www.whiskyshop.com/media/catalog/product/d/e/deanston_2008_px_cask_ss.jpg?width=400&height=480&store=whiskyshop&image-type=small_image
31993,Glenfarclas 30 Year Old Warehouse,730,https://www.whiskyshop.com/glenfarclas-30-year-old-warehouse,https://www.whiskyshop.com/media/catalog/product/g/l/glenfarclas_30yo_warehouse_ps.jpg?width=400&height=480&store=whiskyshop&image-type=small_image
P32794,SMWS 29.63 (Laphroaig) 1989 18 Year Old,880,https://www.whiskyshop.com/smws-29-63-laphroaig-1989-18-year-old,https://www.whiskyshop.com/media/catalog/product/s/m/smws_29.63_laphroaig_1989_18yo_ps.jpg?width=400&height=480&store=whiskyshop&image-type=small_image
P32881,Springbank 45 Year Old Millennium Limited Edition,11800,https://www.whiskyshop.com/springbank-45-year-old-millennium-limited-edition,
P32885,Springbank 30 Year Old Millennium Limited Edition,9500,https://www.whiskyshop.com/springbank-30-year-old-millennium-limited-edition,
P32792,Springbank 25 Year Old Millennium Limited Edition,5280,https://www.whiskyshop.com/springbank-25-year-old-millennium-limited-edition,
P34064,Ardbeg 17 Year Old,600,https://www.whiskyshop.com/ardbeg-17-year-old,
32912,Fettercairn 16 Year Old 3rd Release 2022,71,https://www.whiskyshop.com/fettercairn-16-year-old-3rd-release-2022,
P33060,Springbank 21 Year Old 2000 Release,1680,https://www.whiskyshop.com/springbank-21-year-old-2000-release,
32860,Signatory Vintage Mortlach 2009 12 Year Old,46.75,https://www.whiskyshop.com/signatory-vintage-mortlach-2009-12-year-old,
32864,Ballechin 10 Year Old,49.75,https://www.whiskyshop.com/ballechin-10-year-old,
32866,Edradour 10 Year Old ,44.45,https://www.whiskyshop.com/edradour-10-year-old,
32854,Edradour 2000 21 Year Old Sherry Finish,305,https://www.whiskyshop.com/edradour-2000-21-year-old-sherry-finish,
32853,Edradour 2012 Bourbon 10 Year Old,84.95,https://www.whiskyshop.com/edradour-2012-bourbon-10-year-old,
32867,Tamdhu Batch Strength 7,77,https://www.whiskyshop.com/tamdhu-batch-strength-7,
32766,Clydeside Stobcross,49,https://www.whiskyshop.com/clydeside-stobcross,
P32778,Macallan 1981 Exceptional Cask #9780,5400,https://www.whiskyshop.com/macallan-1981-exceptional-cask-9780,
32327,Mr George Legacy Series 2 Glen Grant 1957,6500,https://www.whiskyshop.com/mr-george-legacy-series-2,
P32787,Laphroaig 1981 Sherry Cask 27 Year Old,6580,https://www.whiskyshop.com/laphroaig-1981-sherry-cask-27-year-old,
P32780,Springbank 25 Year Old J. Archibald Mitchell,4280,https://www.whiskyshop.com/springbank-25-year-old-j-archibald-mitchell,https://www.whiskyshop.com/media/catalog/product/s/p/springbank_25yo_j.archibald_mitchell_ps.jpg?width=400&height=480&store=whiskyshop&image-type=small_image
32742,Hebridean Journey Series Blended Malt,35,https://www.whiskyshop.com/hebridean-journey-series-blended-malt,https://www.whiskyshop.com/media/catalog/product/h/e/hebridean_journey_series_ps.jpg?width=400&height=480&store=whiskyshop&image-type=small_image
32741,Islay Journey Series Blended Malt,35,https://www.whiskyshop.com/islay-journey-series-blended-malt,https://www.whiskyshop.com/media/catalog/product/i/s/islay_journey_series_ps.jpg?width=400&height=480&store=whiskyshop&image-type=small_image
32740,Highland Journey Series Blended Malt,35,https://www.whiskyshop.com/highland-journey-series,https://www.whiskyshop.com/media/catalog/product/h/i/highland_journey_series_ps.jpg?width=400&height=480&store=whiskyshop&image-type=small_image
P32754,Bowmore 30 Year Old Sea Dragon,3750,https://www.whiskyshop.com/bowmore-30-year-old-sea-dragon,https://www.whiskyshop.com/media/catalog/product/b/o/bowmore_30yo_sea_dragon_ps.jpg?width=400&height=480&store=whiskyshop&image-type=small_image
32710,Dalmore 2008 13 Year Old Connoisseurs Choice,140,https://www.whiskyshop.com/dalmore-2008-13-year-old-connoisseurs-choice-tws-exclusive,https://www.whiskyshop.com/media/catalog/product/c/o/connoisseurs_choice_dalmore_2008_13yo_ps1.jpg?width=400&height=480&store=whiskyshop&image-type=small_image
32708,Glenlivet 2003 18 Year Old Connoisseurs Choice,195,https://www.whiskyshop.com/glenlivet-2003-18-year-old-connoisseurs-choice-tws-exclusive,https://www.whiskyshop.com/media/catalog/product/c/o/connoisseurs_choice_glenlivet_2003_18yo_ps1.jpg?width=400&height=480&store=whiskyshop&image-type=small_image
32705,Compass Box Menagerie,89,https://www.whiskyshop.com/compass-box-menagerie,https://www.whiskyshop.com/media/catalog/product/c/o/compass_box_menagerie_ps.jpg?width=400&height=480&store=whiskyshop&image-type=small_image
32704,Compass Box Canvas,99,https://www.whiskyshop.com/compass-box-canvas,
32682,Murray McDavid Ardmore 2008 13 Year Old,95,https://www.whiskyshop.com/murray-mcdavid-ardmore-2008-13-year-old,
32681,Murray McDavid Glenburgie 2008 13 Year Old,98,https://www.whiskyshop.com/murray-mcdavid-glenburgie-2008-13-year-old,
32680,Murray McDavid Glencadam 2012 9 Year Old,69,https://www.whiskyshop.com/murray-mcdavid-glencadam-2012-9-year-old,
32496,Lochlea Our Barley,45,https://www.whiskyshop.com/lochlea-our-barley,
P32623,Port Ellen 1979 37 Year Old Goren's Whisky,3850,https://www.whiskyshop.com/port-ellen-1979-37-year-old-goren-s-whisky,
P32235,Macallan 1980 Exceptional Cask #4063,6000,https://www.whiskyshop.com/macallan-1980-exceptional-cask-4063,
P33076,Macallan The Coronation,9600,https://www.whiskyshop.com/macallan-the-coronation,
P32236,Macallan 2005 Exceptional Cask #5223-10 2017 Release,4860,https://www.whiskyshop.com/macallan-2005-exceptional-cask-5223-10-2017-release,
32656,Battlehill Glentauchers 2011 11 Year Old,70,https://www.whiskyshop.com/battlehill-glentauchers-2011-11-year-old,
32655,Battlehill Glenrothes 2009 12 Year Old,75,https://www.whiskyshop.com/battlehill-glenrothes-12-year-old,
32654,Duncan Taylor Glenrothes 2009 12 Year Old,80,https://www.whiskyshop.com/duncan-taylor-glenrothes-2009-12-year-old,
32670,First Editions Craigellachie 2007 14 Year Old,112,https://www.whiskyshop.com/first-editions-craigellachie-2007-14-year-old,
32677,Old Malt Cask Craigellachie 2006 15 Year Old,108,https://www.whiskyshop.com/old-malt-cask-craigellachie-2006-15-year-old,
32672,Platinum Auchentoshan 1991 31 Year Old,385,https://www.whiskyshop.com/platinum-auchentoshan-1991-31-year-old,
32671,Platinum Arran 1997 25 Year Old,690,https://www.whiskyshop.com/platinum-arran-1997-25-year-old,
P32592,Macallan 10 Year Old (Full Proof) Giovinetti & Figli,4250,https://www.whiskyshop.com/macallan-10-year-old-full-proof-giovinetti-figli,https://www.whiskyshop.com/media/catalog/product/m/a/macallan_10yo_full_proof_ps.jpg?width=400&height=480&store=whiskyshop&image-type=small_image
32673,Glen Scotia 30 Year Old Platinum Old & Rare,810,https://www.whiskyshop.com/glen-scotia-30-year-old-platinum-old-rare,https://www.whiskyshop.com/media/catalog/product/p/l/platinum_old_rare_glen_scotia_30yo_ps.jpg?width=400&height=480&store=whiskyshop&image-type=small_image
P33065,Macallan 25 Year Old Sherry Oak Pre 2018,5800,https://www.whiskyshop.com/macallan-25-year-old-sherry-oak-pre-2018,https://www.whiskyshop.com/media/catalog/product/m/a/macallan_25yo_pre2018_ps.jpg?width=400&height=480&store=whiskyshop&image-type=small_image
32679,Glenfiddich 30 Year Old Suspended Time,975,https://www.whiskyshop.com/glenfiddich-30-year-old-re-imagination-of-time,https://www.whiskyshop.com/media/catalog/product/g/l/glenfiddich_30yo_2022_ps1.jpg?width=400&height=480&store=whiskyshop&image-type=small_image
P32310,Lagavulin 30 Year Old 1976,4850,https://www.whiskyshop.com/lagavulin-30-year-old-1976,https://www.whiskyshop.com/media/catalog/product/l/a/lagavulin_30yo_1976_ps1.jpg?width=400&height=480&store=whiskyshop&image-type=small_image
32602,Private Collection Benrinnes 1978 #1636,2099,https://www.whiskyshop.com/private-collection-benrinnes-1978-1636,https://www.whiskyshop.com/media/catalog/product/p/c/pc1_benrinnes_1978_g_m_ps.jpg?width=400&height=480&store=whiskyshop&image-type=small_image
32471,Darkness Mortlach 20 Year Old Oloroso Cask,179.95,https://www.whiskyshop.com/darkness-mortlach-20-year-old-oloroso-cask,https://www.whiskyshop.com/media/catalog/product/d/a/darkness_mortlach_20yo_oloroso_ps.jpg?width=400&height=480&store=whiskyshop&image-type=small_image
32468,Darkness Glen Garioch 18 Year Old Oloroso,149.95,https://www.whiskyshop.com/darkness-glen-garioch-18-year-old-oloroso,https://www.whiskyshop.com/media/catalog/product/d/a/darkness_glen_garioch_18yo_ps.jpg?width=400&height=480&store=whiskyshop&image-type=small_image
32466,Darkness Cambus 29 Year Old Oloroso Cask,149.95,https://www.whiskyshop.com/darkness-cambus-29-year-old-oloroso-cask,
32465,Darkness Craigellachie 10 Year Old Oloroso Cask,109.95,https://www.whiskyshop.com/darkness-craigellachie-10-year-old-oloroso-cask,
P32072,Springbank 24 Year Old 1966 Cask #442 Local Barley,14400,https://www.whiskyshop.com/springbank-24-year-old-1966-cask-442-local-barley,
P32117,Macallan 1997 Easter Elchies 2010 13 Year Old,7320,https://www.whiskyshop.com/macallan-1997-easter-elchies-2010-13-year-old,
P32116,Macallan 1996 Easter Elchies 2013 17 Year Old,7200,https://www.whiskyshop.com/macallan-1996-easter-elchies-2013-17-year-old,
32591,Macallan 25 Year Old 2022,2495,https://www.whiskyshop.com/macallan-25-year-old-2022,
31780,It's A Small World Whisky Blend Batch 1 That Boutique-y Whisky Company,50.95,https://www.whiskyshop.com/it-s-a-small-world-whisky-blend-batch-1-that-boutique-y-whisky-company,
31779,Islay #3 13 Year Old Batch 5 That Boutique Whisky Company,174.99,https://www.whiskyshop.com/islay-3-13-year-old-batch-5-that-boutique-whisky-company,
31777,Ledaig 19 Year Old Batch 19 That Boutique-y Whisky Company,119.95,https://www.whiskyshop.com/ledaig-19-year-old-batch-19-that-boutique-y-whisky-company,
31775,Glenallachie 1st Fill Bourbon 10 Year Old Batch 6 That Boutique-y Whisky Company,69.95,https://www.whiskyshop.com/glenallachie-1st-fill-bourbon-10-year-old-that-boutique-y-whisky-company,
32510,Blair Athol 31 Year Old Authors' Series,375,https://www.whiskyshop.com/blair-athol-31-year-old-author-series,
32509,Cragganmore 25 Year Old Authors' Series,450,https://www.whiskyshop.com/cragganmore-25-year-old-author-series,
32543,Sassenach Blended Whisky,79.95,https://www.whiskyshop.com/sassenach-blended-malt,
32568,Caisteal Chamuis Blended Malt 12 Year Old,53,https://www.whiskyshop.com/caisteal-chamuis-blended-malt-12-year-old,
32571,The Kinship Bunnahabhain 1990 32 Year Old,485,https://www.whiskyshop.com/the-kinship-bunnahabhain-32-year-old,
32570,The Kinship Bruichladdich 31 Year Old,515,https://www.whiskyshop.com/the-kinship-bruichladdich-31-year-old,
